{"cameraMode":{"drawMode":0,"name":"Shaded","section":"Shading Mode"},"sceneLighting":true,"audioPlay":false,"sceneViewState":{"m_AlwaysRefresh":true,"showFog":true,"showSkybox":true,"showFlares":true,"showImageEffects":true,"showParticleSystems":true,"showVisualEffectGraphs":true,"m_FxEnabled":true},"in2DMode":false,"pivot":{"x":18.541555404663087,"y":10.418319702148438,"z":-24.267696380615236},"rotation":{"x":0.06482753157615662,"y":0.3073103129863739,"z":0.0209944024682045,"w":-0.9492359757423401},"size":0.9290705323219299,"orthographic":false}